{
  "precision_pos": 1.0,
  "recall_pos": 0.4,
  "f1_pos": 0.5714285714285714,
  "report": {
    "0": {
      "precision": 0.8928571428571429,
      "recall": 1.0,
      "f1-score": 0.9433962264150944,
      "support": 50.0
    },
    "1": {
      "precision": 1.0,
      "recall": 0.4,
      "f1-score": 0.5714285714285714,
      "support": 10.0
    },
    "accuracy": 0.9,
    "macro avg": {
      "precision": 0.9464285714285714,
      "recall": 0.7,
      "f1-score": 0.7574123989218329,
      "support": 60.0
    },
    "weighted avg": {
      "precision": 0.9107142857142858,
      "recall": 0.9,
      "f1-score": 0.8814016172506739,
      "support": 60.0
    }
  },
  "threshold": 0.5,
  "feature_importance": {
    "invoice_too_late": 6.27914247861616,
    "po_missing": -2.1499577352007204,
    "vendor_match": -1.3000535683881564,
    "has_grn": -0.6220831370632111,
    "currency_match": 0.3544763954863654,
    "amount_delta_abs": 0.26722193725009263,
    "vendor_similarity": -0.17005231933865,
    "days_since_grn": -0.07795713147619418,
    "days_delta": 0.019371304560018173,
    "amount_delta_pct": 0.0,
    "amount_over_tolerance": 0.0,
    "amount_pct_over_tolerance": 0.0
  },
  "features_used": [
    "vendor_match",
    "vendor_similarity",
    "has_grn",
    "amount_delta_abs",
    "amount_delta_pct",
    "amount_over_tolerance",
    "amount_pct_over_tolerance",
    "days_delta",
    "days_since_grn",
    "invoice_too_late",
    "po_missing",
    "currency_match"
  ],
  "n_features": 12
}